NCR Registration No,Full Name,Trading Name,Legal Registration No,Phone,Fax,Physical Address,Town,Final Registration Date,Status
NCRCP538,SINAKO KONTANT LENINGS CC,,1999/070922/23,023 315 5688,023 315 5688,11 Oranje Street Ceres 6835,Ceres,,
NCRCP5402,NCEDUMZANTSI BUSINESS SOLUTIONS CC,,2011/062415/23,047 491 8308,047 491 8377,"Room 7, TNBS Building High Street BUTTERWORTH 4960",BUTTERWORTH,,
NCRCP5437,YELLOW THUNDER PROPERTIES NO 160 CC,KIMBERLEY MICO LOANS,2007/033488/23,053 831 387,086 763 4060,32 Market Square Kimberley 8300,Kimberley,,
NCRCP5445,MASASA FINANCIAL SERVICES AND PROPERTY DEVELOPMENT CC,MASASA CASH LOANS,2008/204890/23,014 592 3907,014 592 3907,20 Pretorius Street Rustenburg 0300,Rustenburg,,
NCRCP5784,MODISCORE CC,CASH EXPRESS,2011/070801/23,042 243 3362,086 595 6889,78 Nojoli Street Somerset East 5850,Somerset East,,
NCRCP5890,LIANG CASH LOANS CC,,2010/174581/23,072 365 5512,,"Shop 15B, Pine City Centre - IN Pinecity Centre Pinetown 3600",Pinetown,,
NCRCP5923,CAI LI TRADING CC,BHUTI CASH LOANS,2009/140002/23,076 169 8885,058 643 0052,Old Lewis Building 38 Piet Retief Street Warden 9890,Warden,,
NCRCP6084,ZUNGUZA ' S FINANCIAL SERVICES (PTY) LTD,,2012/051542/07,082 665 4766,086 672 2508,Shop 9 125 Kerk Street RUSTENBURG 0299,RUSTENBURG,,
NCRCP6279,GABA CASH LOANS CC,,2010/157468/23,047 531 1360,047 531 1361,"Suit No 13,1st Floor, Tshezi Building Plot No 42 Madeira Street Southernwood MTHATHA 5099",MTHATHA,,
NCRCP6312,ZENZILE CASH LOAN (PTY) LTD,,2012/223063/07,039 699 1088,086 590 4839,"Shop T3 & T4, First Floor Hibberdene Village Mall Marline Drive HIBBERDENE 4220",HIBBERDENE,,
NCRCP6539,TEDITI TRADING ENTERPRISE CC,,2005/041773/23,012 323 0113,086 403 4820,"320 Schubart St. 805 Byron Place Suite 805, 8th Floor Pretoria 0002",Pretoria,,
NCRCP6672,BNGLAN TRADING CC,Bnglan Cash Loans,2010/092766/23,  ,086 576 6710,33A Brak Street Bloemhof 2660,Bloemhof,,
NCRCP6687,VAALPARK GENERAL TRADING (PTY) LTD,"KWIK FINANCE, AFRICAN BROTHER CASH LOAN, SUPER FAMILY CASH",2012/096776/07,016 973 1889,016 971 2759,SunShine Plaza Van Wyk Street ROODEPOORT 1724,ROODEPOORT,,
NCRCP6856,BLUE MAGNOLIA TRADING 463 CC,,2005/074447/23,053 203 0858,,15 Church Street Hopetown 8750,Hopetown,,
NCRCP6890,MADUMELANI MARIA MUHAMMED,NGHILICHI FINANCIAL SERVICES,N/A,  ,,53 Noordwes Street Louis Trichardt (Makhado) 0920,Louis Trichardt (Makhado),,
NCRCP6984,AYOMIDEMMA HOLDING (PTY) LTD,,2014/134512/07,015 962 0037,,1022 Rooikeelap Street Rosslyn Pretoria 0200,Pretoria,,
NCRCP7125,TOYIN TRADING (PTY) LTD,,2013/178518/07,015 962 0199,,Office 07 Luvhengo Complex Thohoyandou 0950,Thohoyandou,,
NCRCP7180,PAM'S FINANCIAL SERVICES (PTY) LTD,,2014/158931/07,035 798 1178,035 798 1178,9 Hedge Hunt Brackenham RICHARDS BAY 3900,RICHARDS BAY,,
NCRCP7228,PATMAT GENERAL TRADING CC,,2007/179446/23,015 962 1392,015 962 1392,Block N Muledane Thohoyandou 0950,Thohoyandou,,
NCRCP7631,GOOD FRIENDS CASH LOAN (PTY) LTD,,2015/250438/07,079 349 1015,086 597 5362,Flat No 84 Voortrekker Street HARTBEESFONTEIN 2600,HARTBEESFONTEIN,,
NCRCP10112,CASH PHAM PHAM MONEY LENDERS (PTY) LTD,,2017/068656/07,012 798 2271,012 798 2480,104 Block GG Soshanguve 0152,Soshanguve,,
NCRCP10374,WQ PRIME CASH LOANS AND TRADING (PTY) LTD,,2017/079138/07,043 762 1177,,"Shop No 6, Super Dragon Finance Mdantsane City Mall East London 5201",East London,,
NCRCP10768,VIICO (PTY) LTD,,2016/193424/07,071 300 2306,,36 Fontein Street Ficksburg 9730,Ficksburg,,
NCRCP10805,VAVIKA FINANCE (PTY) LTD,,2017/498496/07,071 966 9891,,110 Oxford Street East London 5201,East London,,
NCRCP1087,FRABERT (EDMS) BPK,CASH WISE,2004/024614/07,054 332 4585,054 431 6401,Markstraat 45 Upington 8800,Upington,,
NCRCP1122,MA - LE GRANGE BK,,1999/63967/23,053 497 3168,053 497 5902,54 Uys Street Warrenton 8530,Warrenton,,
NCRCP11329,TSOELLI (PTY) LTD,TSWELOPELE CASH LOAN,2018/220586/07,083 950 8349,,7 Van Raalte Street Eureka Bethlehem 9701,Bethlehem,,
NCRCP11332,OREL ENTERPRISES (PTY) LTD,,2018/076797/07,081 826 7479,,37 Jorrison Street PIETERSBURG 0699,PIETERSBURG,,
NCRCP11532,DLAMINI ZAK ENTERPRISE (PTY) LTD,,2018/312575/07,082 676 7353,,3097 Luvuyo Street Kanana Ext 5 Rabie Ridge HALFWAY HOUSE 1685,HALFWAY HOUSE,,
NCRCP1163,COMPREHENSIVE FINANCIAL SERVICES WITBANK CC,,1999/40250/23,013 656 3330,013 656 3330,"Geen & Richards Building, 1st Floor Escombe Street Witbank 1035",Witbank,,
NCRCP7914,MATHUSA BATHO FINANCIAL SERVICES CC,BASHASHA FINANCIAL SERVICES,2005/046111/23,051 991 1204,051 991 1204,17 Van Der Walt Street Marquard 9610,Marquard,,
NCRCP8029,GENDRIE VERSPREIDERS (PTY) LTD,GOLDEN POT CASH LOANS,2019/401034/07,082 262 1224,,479 Sannie Street Hercules Pretoria West Pretoria 0084,Pretoria,,
NCRCP8130,MONEY MANIA CASH LOANS CC,,2010/165004/23,082 482 8251,,Shop No 3 Madibogo Jianyong Supermarket Madibogo 8655,Madibogo,,
NCRCP8170,JASON CASH LOANS (PTY) LTD,,2016/132690/07,018 381 0617,,16 Main Street MAFIKENG 2745,MAFIKENG,,
NCRCP8205,WALTER FOBIAN,EASY CASH,N/A,063 122 4170,,30 Boundary Road Queensburg Durban 4093,Durban,,
NCRCP8478,JOHANNES HENDRIK SEBASTIAAN BERNARDO,SECURE PRIME SOLUTION,N/A,053 497 3612,086 750 5050,Kerkstraat 14B Warrenton NORTHERN CAPE 8530,NORTHERN CAPE,,
NCRCP8607,SUN FINANCE SOUTH AFRICA (PTY) LTD,,2014/187975/07,021 201 7226,,462 Koeberg Road MILNERTON 7441,MILNERTON,,
NCRCP8692,CMR GROUP (PTY) LTD,,2013/066425/07,012 991 6485,,20 Vals Crescent FAERIE GLEN 0043,FAERIE GLEN,,
NCRCP8899,SLIKSAM CASH LOANS (PTY) LTD,,2015/375980/07,033 263 1109,086 273 8686,Stand NO A4914 Mpophomeni Merrivale 3291,Merrivale,,
NCRCP922,TEN MINUTE FINANCE CC,,2006/057089/23,058 463 0857,058 463 0961,12 C Brand Street Lindley 9630,Lindley,,
NCRCP9273,DRAGON LOAN (PTY) LTD,,2017/054996/07,071 209 2404,,4A Proot Street Monte Vista MILNERTON 7441,MILNERTON,,
NCRCP9275,GOLDEN FLOWER TRADING (PTY) LTD,,2017/082823/07,073 155 5180,,8 Station Road MAFIKENG 2745,MAFIKENG,,
NCRCP9330,REALRELIEVERS CASH LOANS (PTY) LTD,,2016/313871/07,079 811 7965,,3212 Zone B Lebowakgomo 0737,Lebowakgomo,,
NCRCP9429,GLADSON FINANCES (PTY) LTD,,2017/099776/07,  ,,963 Dlamini Street Wattville 1516,Wattville,,
NCRCP9494,GREAT HARVEST (PTY) LTD,EASY CASH LOAN,2013/085311/07,072 338 8058,,Shop no 12 Pioneer Building 51 Schoeman Street ` PIETERSBURG 0699,PIETERSBURG,,
NCRCP952,SEWATUMONG MICRO LENDING CC,,2005/079427/23,083 699 7648,015 516 7317,House 129 Senwamokgope Paulusweg 0814,Paulusweg,,
NCRCP9688,KHAZAMOLA CASH LOAN AND HOLDINGS (PTY) LTD,KHAZAM CASH LOANS HOLDINGS,2017/186552/07,012 003 4216,,296 Premium Towers Cnr Vander Walt & Pretorius Office Pretoria 0190,Pretoria,,
NCRCP9705,MZALWANA CASH LOANS CC,,2004/066035/23,072 735 9982,,86 Odendaal Street Odendaalsrus 9480,Odendaalsrus,,
NCRCP9725,FISCAL MARKET (PTY) LTD,,2017/234082/07,021 822 2856,086 572 3621,"Shop 19, Cnr League & Lenton Drive Bishop Lavis Motroosfontein 7490",Motroosfontein,,
NCRCP9727,TITUSG TRADERS (PT) LTD,,2017/085647/07,054 332 9085,086 461 0219,2 Coleskop Street Rosedale Upington 8801,Upington,,
NCRCP14123,LEHAIWAS CHASHERS (PTY) LTD,,2018/454045/07,073 495 0855,,1173 Phoshane Street Ramaphosa HAMMANSKRAAL 0400,HAMMANSKRAAL,,
NCRCP14992,PRONTO CASH LOANS (PTY) LTD,,2021/567878/07,011 791 2349,086 451 0157,73 Waterkant Street Odendaalsrus 9480,Odendaalsrus,,
NCRCP15881,NONTANDO PETUNIA NDEBELE,ISIDINGO LOANS,N/A,011 402 1805,,NO 62 Saxony Flat 17 Samora Machel Street Durban 4091,Durban,,
NCRCP16144,CCH MICROFINANCE (PTY) LTD,EASY YUN CASH LOANS,2022/312960/07,083 447 8033,,1 - 17 Hoop Street Robertson 6705,Robertson,,
NCRCP16778,MADIBOGO OVERLAND (PTY) LTD,,2019/436965/07,078 888 8889,,"No. 10027 Madibogo, Morolong Section Delareyville Madibogo 2772",Madibogo,,
NCRCP1905,ORANGE CASH LOANS (PTY) LTD,,2005/025246/07,012 259 0075,086 695 1319,"Wellness World Corporate Park Office 3B, Block E Beethoven Street Hartbeespoort 0216",Hartbeespoort,,
NCRCP1982,XANADU PROPERTIES 117 CC,CASH - IN - A - FLASH,2003/038310/23,012 323 7018,086 692 2178,Ground Floor Arcade Opera Plaza Building Cnr Pretorius Street & Bank Lane Pretoria 0002,Pretoria,,
NCRCP2071,BOTSHABELO CASH LOANS CC,,2003/050033/23,078 406 7905,,10363 Matlotleng Section Saulspoort 0318,Saulspoort,,
NCRCP2122,RUFUS AFONSO FINANCIAL CONSULTANTS CC,R.A . FINANCIAL CONSULTANTS,2002/100568/23,014 555 6747,014 555 6747,110 First Floor Mogwase Shopping Complex Mogwase 0314,Mogwase,,
NCRCP2127,PIET CASH LOANS CC,,1999/067697/23,015 309 9708,,10a Vrede Street Volksrust 2470,Volksrust,,
NCRCP9754,QUICKOL PROJECTS (PTY) LTD,,2015/368294/07,015 293 2546,015 293 2546,06 Mara Street Ladanna Polokwane 0699,Polokwane,,
NCRCP11707,OLANREWAJU EMMANUEL OJO,OLAJOS SOLUTIONS,N/A,073 460 5412,,402 Meintjieskop 505 Edmund Street Arcadia Pretoria 0083,Pretoria,,
NCRCP11794,CHUKWUDERAEZE TRADING ENTERPRISE (PTY) LTD,,2016/325598/07,081 273 9952,086 055 1027,No 94 Indwe Lodge Realy and Spuy Sunnyside Pretoria 0132,Pretoria,,
NCRCP11885,SEWISE (PTY) LTD,,2018/504789/07,  ,,6519 Ext 5 Bela Bela 0480,Bela Bela,,
NCRCP11992,THUSO YA POTLAKO TRADING AND PROJECTS (PTY) LTD,,2016/095681/07,083 946 9466,,1297B Mositoane Section Lerome Saulspoort 0318,Saulspoort,,
NCRCP12222,PANGOLIN LOANS (PTY) LTD,,2018/524600/07,076 474 5681,,Stand No 777 Luphisi SIBUYILE 1216,SIBUYILE,,
NCRCP1251,FAST CASH MICRO FINANCE CC,,2003/046327/23,018 381 3520,018 381 3520,C/O Martin And Warren Str Mafikeng 2745,Mafikeng,,
NCRCP12877,MABYENI FINANCIAL SOLUTION (PTY) LTD,,2019/325636/07,060 635 1717,,Stand No 30 Mattiyani Village Saselamani 0928,Saselamani,,
NCRCP13206,WR CROCODILE (PTY) LTD,MAXIMUM CASH LOAN,2016/152581/07,079 471 1132,,No 8 Fontein Street Bothaville 9660,Bothaville,,
NCRCP1394,VELA CASH LOANS CC,VELA CASH LOANS,1998/026494/23,083 465 9824,047 531 4148,"Office 531, 5th Floor ECDC Building York Road MTHATHA 5099",MTHATHA,,
NCRCP14056,PIXIU ONLINE (PTY) LTD,,2020/503988/07,072 136 7627,,Shob B20-B Renbro Shopping Centre 30 Warmbaths Road HAMMANSKRAAL 0400,HAMMANSKRAAL,,
NCRCP4258,BURGERT WYNAND DU PLESSIS,Eagle Cash Loans,N/A,021 873 7757,,19 Bain Street Willington Paarl 7646,Paarl,,
NCRCP432,ALLIED MICRO FINANCE CC,ALLIED LOANS,2001/077978/23,011 453 8618,,Shop 6 49 van Riebeeck Avenue Edenvale 1609,Edenvale,,
NCRCP4388,EZ TRADE 490 CC,NCEDULUNTU CASH LOANS,2006/178780/23,082 569 4782,,10 Causeway Street PORT ALFRED 6170,PORT ALFRED,,
NCRCP466,S C L FINANCIAL SERVICES CC,"THUSONG CASH LOANS, SIMUNYE CASH LOANS,MASIZA FINANCE",2004/046575/23,016 933 2163,086 661 2163,Corso Building Eric Louw Street VANDERBIJLPARK 1900,VANDERBIJLPARK,,
NCRCP4693,AKUDLE KUTISHIYELE CASH LOANS CC,,2009/189025/23,013 235 2920,013 712 9389,1166 Msongwana Trust NELSPRUIT 1215,NELSPRUIT,,
NCRCP4781,VAIDRO 178 CC,VULEKA CASH LOANS DUNDEE,2009/193376/23,034 212 2020,034 212 2020,1 B The Mews Cnr Beaconfield & Gldstone Street Dundee 3000,Dundee,,
NCRCP4845,KING FINANCE TRUST,,IT 529/2002,041 360 1864,041 360 1864,1A Dan Street Central Uitenhage 6229,Uitenhage,,
NCRCP5002,KAREE CASH LOAN CC,,2009/168796/23,083 993 4962,,House 3003 Hostel Karee Mine MARIKANA 0284,MARIKANA,,
NCRCP5018,MURPHY AND SONS CASH LOANS CC,,2010/095288/23,041 481 4191,,44 Bardien Street Bloemendal Port Elizabeth 6059,Port Elizabeth,,
NCRCP5339,TAPEISI TRADING CC,Lee James Micro Lender,2010/165409/23,011 892 2676,011 892 4172,Stand No: 3449 Ivory Park 1689,Ivory Park,,
NCRCP2150,NGOZA FINANCIAL SERVICES CC,,2004/008192/23,033 345 7176,033 345 7056,175 Chapel Street Cnr Longmarket Pietermaritzburg 3200,Pietermaritzburg,,
NCRCP2374,HANDRI FINANCIAL SERVICES CC,BONUS CASH- STILLFONTEIN & BONUS CASH - KROONSTAD,2002/072274/23,018 484 1670,018 484 1670,Shop 6 A Civic Centre Stilfontein 2550,Stilfontein,,
NCRCP2833,SEASON'S STAR TRADING 333 CC,DE NOON'S CASH LOANS,2003/071897/23,018 473 0445,018 462 3790,47 Delvers Street Klerksdorp 2570,Klerksdorp,,
NCRCP2884,CREDIT CARE (PTY) LTD,"CREDIT CARE - MAIN BRANCH, FURNITURE STORE, KLERKSDORP, KANANA",2003/029850/07,018 473 1056,018 473 1056,74 Milton Avenue Orkney 2619,Orkney,,
NCRCP3228,SELF DISCOVERY CASH AND MARKETING CC,,2001/072189/23,015 962 5361,051 962 5361,NPDC Office 13 2nd Floor Block d Thohoyandou 0950,Thohoyandou,,
NCRCP3382,BESTVEST 180 CC,,2007/071277/23,042 243 0129,,4 Nojoli Street Somerset East 5850,Somerset East,,
NCRCP3666,POLE POSITION TRADING 205 CC,,2008/163528/23,011 692 2980,011 692 1176,1 Adria Mansiion Suikerbos Street Greenhills 7646,Greenhills,,
NCRCP381,MELMOTH MASIZA FINANCE CC,MELMOTH FINANCE,1997/049665/23,035 450 7025,086 698 3747,14 Reinhold Street Melmoth 3835,Melmoth,,
NCRCP388,MAYIBUYE CASH LOANS CC,,1999/023061/23,013 794 7950,013 794 7310,Stand 3234 A Sibuyile Kanyamazane 1214,Kanyamazane,,
NCRCP4168,PHASE 2 CDS INVESTMENTS CC,,2009/102170/23,011 794 3902,011 794 3728,"Unit 4, Bush Hill Office San Frederik Avenue Randpark Ridge 2156",Randpark Ridge,,
